Time[s], Channel 0, Channel 1
0.000000000, 1, 1
0.041897675, 0, 1
0.042067420, 0, 0
0.135581455, 1, 0
0.135738840, 1, 1
0.229262035, 0, 1
0.229417210, 0, 0
0.322945820, 1, 0
0.323134840, 1, 1
0.416626395, 0, 1
0.416790675, 0, 0
0.510310175, 1, 0
0.510484130, 1, 1
0.603990755, 0, 1
0.604189265, 0, 0
0.697674535, 1, 0
0.697826640, 1, 1
0.791355115, 0, 1
0.791545955, 0, 0
0.885038895, 1, 0
0.885239505, 1, 1
0.978719475, 0, 1
0.978944815, 0, 0
1.072403255, 1, 0
1.072557510, 1, 1
1.166083835, 0, 1
1.166285465, 0, 0
1.259767615, 1, 0
1.259918760, 1, 1
1.353448195, 0, 1
1.353633895, 0, 0
1.447131975, 1, 0
1.447296905, 1, 1
1.540812555, 0, 1
1.540972715, 0, 0
1.634496335, 1, 0
1.634663440, 1, 1
1.728176915, 0, 1
1.728336280, 0, 0
1.821860695, 1, 0
1.822068695, 1, 1
1.915541275, 0, 1
1.915708845, 0, 0
2.009225055, 1, 0
2.009401170, 1, 1
2.102905635, 0, 1
2.103065205, 0, 0
2.196589415, 1, 0
2.196757220, 1, 1
2.290269995, 0, 1
2.290434075, 0, 0
2.383953775, 1, 0
2.384114040, 1, 1
2.477634360, 0, 1
2.477805045, 0, 0
2.571318135, 1, 0
2.571476730, 1, 1
2.664998715, 0, 1
2.665159800, 0, 0
2.758682500, 1, 0
2.758844290, 1, 1
2.852363075, 0, 1
2.852551315, 0, 0
2.946046855, 1, 0
2.946253565, 1, 1
3.039727435, 0, 1
3.039902430, 0, 0
3.133411215, 1, 0
3.133563375, 1, 1
3.227091800, 0, 1
3.227302575, 0, 0
3.320775580, 1, 0
3.320944890, 1, 1
3.414456155, 0, 1
3.414630810, 0, 0
3.508139935, 1, 0
3.508295010, 1, 1
3.601820520, 0, 1
3.601976110, 0, 0
3.695504300, 1, 0
3.695730770, 1, 1
3.789184880, 0, 1
3.789718795, 0, 0
3.882868660, 1, 0
3.884320215, 1, 1
3.976549240, 0, 1
3.976890600, 0, 0
4.070233025, 1, 0
4.070398955, 1, 1
4.163913605, 0, 1
4.164095320, 0, 0
4.257597380, 1, 0
4.257789425, 1, 1
4.351277960, 0, 1
4.351457245, 0, 0
4.444961745, 1, 0
4.445161655, 1, 1
4.538642325, 0, 1
4.538800975, 0, 0
4.632326105, 1, 0
4.632486470, 1, 1
4.726006685, 0, 1
4.726205160, 0, 0
4.819690465, 1, 0
4.819867190, 1, 1
4.913371050, 0, 1
4.913528820, 0, 0
5.007054825, 1, 0
5.007226400, 1, 1
5.100735410, 0, 1
5.100893835, 0, 0
5.194419190, 1, 0
5.194581305, 1, 1
5.288099770, 0, 1
5.288387750, 0, 0
5.381783550, 1, 0
5.381979135, 1, 1
5.475464135, 0, 1
5.475660680, 0, 0
5.569147910, 1, 0
5.569319045, 1, 1
5.662828495, 0, 1
5.663026425, 0, 0
5.756512275, 1, 0
5.757321130, 1, 1
5.850192855, 0, 1
5.851143375, 0, 0
5.943876635, 1, 0
5.944035530, 1, 1
6.037557215, 0, 1
6.037714545, 0, 0
6.131240995, 1, 0
6.131398920, 1, 1
6.224921580, 0, 1
6.225121350, 0, 0
6.318605360, 1, 0
6.318765650, 1, 1
6.412285940, 0, 1
6.412489490, 0, 0
6.505969725, 1, 0
6.506133385, 1, 1
6.599650305, 0, 1
6.599810545, 0, 0
6.693334085, 1, 0
6.693503790, 1, 1
6.787014665, 0, 1
6.787189850, 0, 0
6.880698445, 1, 0
6.880877730, 1, 1
6.974379030, 0, 1
6.974545560, 0, 0
7.068062810, 1, 0
7.068208755, 1, 1
7.161743390, 0, 1
7.161949550, 0, 0
7.255427170, 1, 0
7.256470960, 1, 1
7.349107750, 0, 1
7.349264535, 0, 0
7.442791535, 1, 0
7.442974775, 1, 1
7.536472110, 0, 1
7.536639735, 0, 0
7.630155895, 1, 0
7.630332180, 1, 1
7.723836475, 0, 1
7.724029255, 0, 0
7.817520255, 1, 0
7.817713010, 1, 1
7.911200840, 0, 1
7.911358550, 0, 0
8.004884620, 1, 0
8.005052650, 1, 1
8.098565200, 0, 1
8.098716395, 0, 0
8.192248980, 1, 0
8.192405685, 1, 1
8.285929565, 0, 1
8.286079960, 0, 0
8.379613345, 1, 0
8.379803410, 1, 1
8.473293930, 0, 1
8.473446025, 0, 0
8.566977710, 1, 0
8.567185660, 1, 1
8.660658290, 0, 1
8.660820020, 0, 0
8.754342070, 1, 0
8.754533125, 1, 1
8.848022650, 0, 1
8.848173395, 0, 0
8.941706435, 1, 0
8.941862625, 1, 1
9.035387015, 0, 1
9.035583105, 0, 0
9.129070795, 1, 0
9.129260780, 1, 1
9.222751380, 0, 1
9.222920850, 0, 0
9.316435155, 1, 0
9.316598260, 1, 1
9.410115740, 0, 1
9.410299810, 0, 0
9.503799525, 1, 0
9.504002395, 1, 1
9.597480105, 0, 1
9.597786180, 0, 0
9.691163885, 1, 0
9.691357500, 1, 1
9.784844465, 0, 1
9.785018740, 0, 0
9.878528250, 1, 0
9.878715510, 1, 1
9.972208830, 0, 1
9.972360460, 0, 0
10.065892610, 1, 0
10.066060195, 1, 1
10.159573195, 0, 1
10.159780665, 0, 0
10.253256975, 1, 0
10.253411080, 1, 1
10.346937560, 0, 1
10.347104850, 0, 0
10.440621340, 1, 0
10.440785245, 1, 1
10.534301920, 0, 1
10.534465085, 0, 0
10.627985705, 1, 0
10.628165510, 1, 1
10.721666285, 0, 1
10.721826050, 0, 0
10.815350065, 1, 0
10.815544850, 1, 1
10.909030650, 0, 1
10.909198620, 0, 0
11.002714430, 1, 0
11.002920655, 1, 1
11.096395010, 0, 1
11.096898375, 0, 0
11.190078795, 1, 0
11.190614285, 1, 1
11.283759380, 0, 1
11.284502585, 0, 0
11.377443160, 1, 0
11.377660710, 1, 1
11.471123745, 0, 1
11.471284305, 0, 0
11.564807525, 1, 0
11.564972285, 1, 1
11.658488105, 0, 1
11.658653495, 0, 0
11.752171885, 1, 0
11.752370665, 1, 1
11.845852470, 0, 1
11.846025100, 0, 0
11.939536255, 1, 0
11.939762535, 1, 1
12.033216830, 0, 1
12.033405375, 0, 0
12.126900615, 1, 0
12.128179350, 1, 1
12.220581200, 0, 1
12.222013895, 0, 0
12.314264980, 1, 0
12.314440875, 1, 1
12.407945560, 0, 1
12.408131615, 0, 0
12.501629340, 1, 0
12.501803760, 1, 1
12.595309925, 0, 1
12.595472240, 0, 0
12.688993710, 1, 0
12.689149590, 1, 1
12.782674290, 0, 1
12.782828045, 0, 0
12.876358070, 1, 0
12.876515285, 1, 1
12.970038655, 0, 1
12.970209580, 0, 0
13.063722435, 1, 0
13.063924860, 1, 1
13.157403020, 0, 1
13.157556130, 0, 0
13.251086805, 1, 0
13.251306525, 1, 1
13.344767380, 0, 1
13.344968005, 0, 0
13.438451165, 1, 0
13.438609985, 1, 1
13.532131750, 0, 1
13.532339770, 0, 0
13.625815530, 1, 0
13.625981805, 1, 1
13.719496115, 0, 1
13.719655960, 0, 0
13.813179895, 1, 0
13.814375140, 1, 1
13.906860480, 0, 1
13.907031380, 0, 0
14.000544265, 1, 0
14.000740850, 1, 1
14.094224850, 0, 1
14.094422600, 0, 0
14.187908625, 1, 0
14.188071860, 1, 1
14.281589210, 0, 1
14.281798190, 0, 0
14.375272995, 1, 0
14.375437425, 1, 1
14.468953575, 0, 1
14.470171245, 0, 0
14.562637355, 1, 0
14.563263295, 1, 1
14.656317940, 0, 1
14.657685090, 0, 0
14.750001720, 1, 0
14.750191375, 1, 1
14.843682305, 0, 1
14.843847495, 0, 0
14.937366090, 1, 0
14.937527790, 1, 1
15.031046670, 0, 1
15.031197215, 0, 0
15.124730450, 1, 0
15.124909350, 1, 1
15.218411035, 0, 1
15.218582870, 0, 0
15.312094820, 1, 0
15.312250945, 1, 1
15.405775400, 0, 1
15.405979425, 0, 0
15.499459185, 1, 0
15.499623410, 1, 1
15.593139765, 0, 1
15.593323180, 0, 0
15.686823550, 1, 0
15.687036290, 1, 1
15.780504130, 0, 1
15.780678605, 0, 0
15.874187915, 1, 0
15.874351370, 1, 1
15.967868500, 0, 1
15.968034980, 0, 0
16.061552285, 1, 0
16.061720515, 1, 1
16.155232865, 0, 1
16.155430065, 0, 0
16.248916650, 1, 0
16.249669495, 1, 1
16.342597230, 0, 1
16.342764570, 0, 0
16.436281015, 1, 0
16.437473220, 1, 1
16.529961595, 0, 1
16.530125400, 0, 0
16.623645380, 1, 0
16.623870120, 1, 1
16.717325965, 0, 1
16.717508185, 0, 0
16.811009745, 1, 0
16.811162780, 1, 1
16.904690330, 0, 1
16.904853270, 0, 0
16.998374110, 1, 0
16.998530905, 1, 1
17.092054695, 0, 1
17.092250240, 0, 0
17.185738475, 1, 0
17.185899990, 1, 1
17.279419060, 0, 1
17.279594545, 0, 0
17.373102845, 1, 0
17.373268255, 1, 1
17.466783425, 0, 1
17.466949380, 0, 0
17.560467210, 1, 0
17.560663290, 1, 1
17.654147795, 0, 1
17.654300765, 0, 0
17.747831575, 1, 0
17.747998550, 1, 1
17.841512160, 0, 1
17.841688050, 0, 0
17.935195945, 1, 0
17.935387865, 1, 1
18.028876525, 0, 1
18.029064550, 0, 0
18.122560310, 1, 0
18.122794235, 1, 1
18.216240890, 0, 1
18.216413875, 0, 0
18.309924675, 1, 0
18.310117800, 1, 1
18.403605265, 0, 1
18.403811680, 0, 0
18.497289045, 1, 0
18.497459415, 1, 1
18.590969625, 0, 1
18.591121670, 0, 0
18.684653410, 1, 0
18.684836585, 1, 1
18.778333990, 0, 1
18.778497825, 0, 0
18.872017780, 1, 0
18.872198080, 1, 1
18.965698360, 0, 1
18.965856080, 0, 0
19.059382145, 1, 0
19.059533715, 1, 1
19.153062730, 0, 1
19.153260320, 0, 0
19.246746515, 1, 0
19.246905965, 1, 1
19.340427095, 0, 1
19.340617455, 0, 0
19.434110880, 1, 0
19.434273750, 1, 1
19.527791465, 0, 1
19.527951645, 0, 0
19.621475245, 1, 0
19.621636190, 1, 1
19.715155830, 0, 1
19.715333880, 0, 0
19.808839615, 1, 0
19.809023835, 1, 1
19.902520200, 0, 1
19.902722740, 0, 0
19.996203980, 1, 0
19.996474500, 1, 1
20.089884565, 0, 1
20.090040515, 0, 0
20.183568350, 1, 0
20.183756915, 1, 1
20.277248930, 0, 1
20.277412245, 0, 0
20.370932715, 1, 0
20.371133025, 1, 1
20.464613300, 0, 1
20.465499720, 0, 0
20.558297085, 1, 0
20.558459855, 1, 1
20.651977665, 0, 1
20.652134490, 0, 0
20.745661450, 1, 0
20.745836520, 1, 1
20.839342030, 0, 1
20.839496570, 0, 0
20.933025815, 1, 0
20.933184020, 1, 1
21.026706400, 0, 1
21.027690190, 0, 0
21.120390185, 1, 0
21.120988605, 1, 1
21.214070775, 0, 1
21.214822860, 0, 0
21.307754555, 1, 0
21.308300910, 1, 1
21.401435135, 0, 1
21.401600790, 0, 0
21.495118920, 1, 0
21.495312715, 1, 1
21.588799505, 0, 1
21.588998915, 0, 0
21.682483290, 1, 0
21.682683010, 1, 1
21.776163875, 0, 1
21.776347455, 0, 0
21.869847655, 1, 0
21.870047475, 1, 1
21.963528240, 0, 1
21.963733310, 0, 0
22.057212030, 1, 0
22.057372845, 1, 1
22.150892605, 0, 1
22.151057745, 0, 0
22.244576390, 1, 0
22.244735785, 1, 1
22.338256975, 0, 1
22.338413850, 0, 0
22.431940760, 1, 0
22.432101435, 1, 1
22.525621345, 0, 1
22.525781480, 0, 0
22.619305125, 1, 0
22.619463450, 1, 1
22.712985715, 0, 1
22.713143105, 0, 0
22.806669495, 1, 0
22.806849790, 1, 1
22.900350080, 0, 1
22.900509530, 0, 0
22.994033865, 1, 0
22.994224870, 1, 1
23.087714445, 0, 1
23.087891700, 0, 0
23.181398230, 1, 0
23.181639365, 1, 1
23.275078815, 0, 1
23.275246320, 0, 0
23.368762600, 1, 0
23.368924465, 1, 1
23.462443185, 0, 1
23.462607600, 0, 0
23.556126970, 1, 0
23.556289210, 1, 1
23.649807550, 0, 1
23.649962640, 0, 0
23.743491340, 1, 0
23.743647360, 1, 1
23.837171920, 0, 1
23.837359825, 0, 0
23.930855705, 1, 0
23.931438220, 1, 1
24.024536290, 0, 1
24.025061630, 0, 0
24.118220075, 1, 0
24.118390100, 1, 1
24.211900660, 0, 1
24.212065180, 0, 0
24.305584445, 1, 0
24.305863255, 1, 1
24.399265030, 0, 1
24.399424950, 0, 0
24.492948810, 1, 0
24.493106815, 1, 1
24.586629400, 0, 1
24.586796820, 0, 0
24.680313180, 1, 0
24.680497345, 1, 1
24.773993765, 0, 1
24.774167105, 0, 0
24.867677550, 1, 0
24.867844335, 1, 1
24.961358135, 0, 1
24.961524650, 0, 0
25.055041920, 1, 0
25.055212215, 1, 1
25.148722505, 0, 1
25.148909255, 0, 0
25.242406290, 1, 0
25.242573740, 1, 1
25.336086875, 0, 1
25.336251955, 0, 0
25.429770655, 1, 0
25.429931870, 1, 1
25.523451245, 0, 1
25.523646565, 0, 0
25.617135025, 1, 0
25.617310480, 1, 1
25.710815610, 0, 1
25.710979815, 0, 0
25.804499395, 1, 0
25.804662070, 1, 1
25.898179980, 0, 1
25.898381885, 0, 0
25.991863765, 1, 0
25.992019610, 1, 1
26.085544350, 0, 1
26.085696095, 0, 0
26.179228135, 1, 0
26.179385270, 1, 1
26.272908720, 0, 1
26.273065490, 0, 0
26.366592505, 1, 0
26.366800445, 1, 1
26.460273090, 0, 1
26.460429040, 0, 0
26.553956875, 1, 0
26.554128930, 1, 1
26.647637460, 0, 1
26.647819330, 0, 0
26.741321245, 1, 0
26.741526330, 1, 1
26.835001830, 0, 1
26.835179930, 0, 0
26.928685615, 1, 0
26.928882825, 1, 1
27.022366200, 0, 1
27.022567910, 0, 0
27.116049985, 1, 0
27.116202370, 1, 1
27.209730570, 0, 1
27.209930580, 0, 0
27.303414355, 1, 0
27.303572085, 1, 1
27.397094935, 0, 1
27.397244070, 0, 0
27.490778720, 1, 0
27.490935865, 1, 1
27.584459305, 0, 1
27.584634660, 0, 0
27.678143090, 1, 0
27.678336960, 1, 1
27.771823675, 0, 1
27.771976410, 0, 0
27.865507460, 1, 0
27.865674415, 1, 1
27.959188050, 0, 1
27.959381030, 0, 0
28.052871830, 1, 0
28.053030185, 1, 1
28.146552415, 0, 1
28.146725575, 0, 0
28.240236205, 1, 0
28.240406445, 1, 1
28.333916790, 0, 1
28.334892705, 0, 0
28.427600570, 1, 0
28.428473935, 1, 1
28.521281155, 0, 1
28.521582910, 0, 0
28.614964945, 1, 0
28.615128820, 1, 1
28.708645525, 0, 1
28.708827980, 0, 0
28.802329315, 1, 0
28.802494090, 1, 1
28.896009895, 0, 1
28.896170660, 0, 0
28.989693680, 1, 0
28.989858770, 1, 1
29.083374270, 0, 1
29.083537485, 0, 0
29.177058055, 1, 0
29.177231045, 1, 1
29.270738640, 0, 1
29.270926000, 0, 0
29.364422425, 1, 0
29.364595820, 1, 1
29.458103010, 0, 1
29.458291480, 0, 0
29.551786795, 1, 0
29.551941760, 1, 1
29.645467380, 0, 1
29.645623555, 0, 0
29.739151165, 1, 0
29.739304520, 1, 1
29.832831750, 0, 1
29.833036865, 0, 0
29.926515535, 1, 0
29.926692580, 1, 1
30.020196120, 0, 1
30.020364725, 0, 0
30.113879910, 1, 0
30.114059080, 1, 1
30.207560490, 0, 1
30.207768085, 0, 0
30.301244280, 1, 0
30.301445480, 1, 1
30.394924865, 0, 1
30.395199405, 0, 0
30.488608650, 1, 0
30.488803305, 1, 1
30.582289235, 0, 1
30.582474735, 0, 0
30.675973015, 1, 0
30.676138655, 1, 1
30.769653605, 0, 1
30.769810390, 0, 0
30.863337390, 1, 0
30.863542305, 1, 1
30.957017975, 0, 1
30.957180920, 0, 0
31.050701760, 1, 0
31.050857405, 1, 1
31.144382345, 0, 1
31.144606475, 0, 0
31.238066135, 1, 0
31.238261355, 1, 1
31.331746715, 0, 1
31.331909740, 0, 0
31.425430505, 1, 0
31.425582520, 1, 1
31.519111090, 0, 1
31.519276260, 0, 0
31.612794875, 1, 0
31.612950425, 1, 1
31.706475460, 0, 1
31.706650020, 0, 0
31.800159245, 1, 0
31.800313020, 1, 1
31.893839830, 0, 1
31.894048505, 0, 0
31.987523620, 1, 0
31.987708450, 1, 1
32.081204200, 0, 1
32.081432515, 0, 0
32.174887990, 1, 0
32.175037155, 1, 1
32.268568575, 0, 1
32.268748705, 0, 0
32.362252360, 1, 0
32.362419145, 1, 1
32.455932945, 0, 1
32.456093650, 0, 0
32.549616735, 1, 0
32.549790495, 1, 1
32.643297320, 0, 1
32.643465560, 0, 0
32.736981105, 1, 0
32.737161635, 1, 1
32.830661690, 0, 1
32.830816760, 0, 0
32.924345475, 1, 0
32.924553335, 1, 1
33.018026060, 0, 1
33.018178675, 0, 0
33.111709845, 1, 0
33.111887990, 1, 1
33.205390430, 0, 1
33.205554655, 0, 0
33.299074215, 1, 0
33.299265170, 1, 1
33.392754800, 0, 1
33.392932505, 0, 0
33.486438590, 1, 0
33.486624135, 1, 1
33.580119175, 0, 1
33.580347445, 0, 0
33.673802960, 1, 0
33.673984025, 1, 1
33.767483545, 0, 1
33.767654380, 0, 0
33.861167335, 1, 0
33.861322100, 1, 1
33.954847920, 0, 1
33.954999240, 0, 0
34.048531705, 1, 0
34.048693150, 1, 1
34.142212290, 0, 1
34.142427205, 0, 0
34.235896075, 1, 0
34.236059960, 1, 1
34.329576665, 0, 1
34.329774885, 0, 0
34.423260450, 1, 0
34.424028945, 1, 1
34.516941035, 0, 1
34.517666705, 0, 0
34.610624820, 1, 0
34.611014570, 1, 1
34.704305405, 0, 1
34.704560930, 0, 0
34.797989195, 1, 0
34.798157705, 1, 1
34.891669780, 0, 1
34.891833205, 0, 0
34.985353565, 1, 0
34.985591190, 1, 1
35.079034150, 0, 1
35.079198605, 0, 0
35.172717935, 1, 0
35.172879675, 1, 1
35.266398525, 0, 1
35.266706525, 0, 0
35.360082315, 1, 0
35.360274565, 1, 1
35.453762900, 0, 1
35.453931190, 0, 0
35.547446685, 1, 0
35.547654885, 1, 1
35.641127270, 0, 1
35.641314975, 0, 0
35.734811055, 1, 0
35.734976045, 1, 1
35.828491640, 0, 1
35.828649685, 0, 0
35.922175425, 1, 0
35.922329990, 1, 1
36.015856015, 0, 1
36.016018850, 0, 0
36.109539805, 1, 0
36.109697395, 1, 1
36.203220385, 0, 1
36.203387260, 0, 0
36.296904175, 1, 0
36.297103615, 1, 1
36.390584760, 0, 1
36.390754335, 0, 0
36.484268545, 1, 0
36.484455660, 1, 1
36.577949130, 0, 1
36.578142745, 0, 0
36.671632920, 1, 0
36.671800090, 1, 1
36.765313505, 0, 1
36.765488340, 0, 0
36.858997290, 1, 0
36.859153825, 1, 1
36.952677875, 0, 1
36.952839810, 0, 0
37.046361665, 1, 0
37.046563985, 1, 1
37.140042255, 0, 1
37.140200375, 0, 0
37.233726040, 1, 0
37.233899000, 1, 1
37.327406625, 0, 1
37.327569655, 0, 0
37.421090410, 1, 0
37.421258645, 1, 1
37.514771000, 0, 1
37.514934120, 0, 0
37.608454785, 1, 0
37.608609630, 1, 1
37.702135375, 0, 1
37.702369990, 0, 0
37.795819160, 1, 0
37.795979350, 1, 1
37.889499745, 0, 1
37.889702115, 0, 0
37.983183530, 1, 0
37.983386515, 1, 1
38.076864115, 0, 1
38.077022200, 0, 0
38.170547905, 1, 0
38.170712250, 1, 1
38.264228490, 0, 1
38.264379305, 0, 0
38.357912280, 1, 0
38.358122620, 1, 1
38.451592865, 0, 1
38.451792655, 0, 0
38.545276650, 1, 0
38.545441995, 1, 1
38.638957235, 0, 1
38.639182800, 0, 0
38.732641025, 1, 0
38.732844520, 1, 1
38.826321610, 0, 1
38.826500075, 0, 0
38.920005400, 1, 0
38.920167610, 1, 1
39.013685985, 0, 1
39.013854530, 0, 0
39.107369775, 1, 0
39.107534315, 1, 1
39.201050360, 0, 1
39.201210845, 0, 0
39.294734145, 1, 0
39.295577130, 1, 1
39.388414735, 0, 1
39.388599895, 0, 0
39.482098520, 1, 0
39.482272650, 1, 1
39.575779110, 0, 1
39.576277860, 0, 0
39.669462890, 1, 0
39.669655875, 1, 1
39.763143480, 0, 1
39.763303860, 0, 0
39.856827265, 1, 0
39.856987290, 1, 1
39.950507855, 0, 1
39.950701145, 0, 0
40.044191640, 1, 0
40.044348885, 1, 1
40.137872225, 0, 1
40.138035770, 0, 0
40.231556015, 1, 0
40.231724300, 1, 1
40.325236600, 0, 1
40.325424065, 0, 0
40.418920390, 1, 0
40.419120260, 1, 1
40.512600975, 0, 1
40.512803515, 0, 0
40.606284760, 1, 0
40.606464205, 1, 1
40.699965350, 0, 1
40.700160820, 0, 0
40.793649135, 1, 0
40.793931975, 1, 1
40.887329725, 0, 1
40.887520095, 0, 0
40.981013510, 1, 0
40.981174965, 1, 1
41.074694095, 0, 1
41.074857140, 0, 0
41.168377885, 1, 0
41.168580840, 1, 1
41.262058470, 0, 1
41.262232160, 0, 0
41.355742260, 1, 0
41.355968270, 1, 1
41.449422845, 0, 1
41.449584570, 0, 0
41.543106635, 1, 0
41.543256790, 1, 1
41.636787225, 0, 1
41.636950235, 0, 0
41.730471010, 1, 0
41.730673495, 1, 1
41.824151595, 0, 1
41.824309850, 0, 0
41.917835385, 1, 0
41.918010315, 1, 1
42.011515970, 0, 1
42.012083945, 0, 0
42.105199755, 1, 0
42.105354330, 1, 1
42.198880345, 0, 1
42.199676045, 0, 0
42.292564130, 1, 0
42.292722895, 1, 1
42.386244720, 0, 1
42.386400115, 0, 0
42.479928505, 1, 0
42.480124470, 1, 1
42.573609095, 0, 1
42.573776970, 0, 0
42.667292880, 1, 0
42.668603105, 1, 1
42.760973465, 0, 1
42.761708095, 0, 0
42.854657255, 1, 0
42.854825420, 1, 1
42.948337845, 0, 1
42.948804600, 0, 0
43.042021630, 1, 0
43.042605625, 1, 1
43.135702220, 0, 1
43.135862565, 0, 0
43.229386005, 1, 0
43.229560770, 1, 1
43.323066595, 0, 1
43.323260205, 0, 0
43.416750380, 1, 0
43.416907275, 1, 1
43.510430970, 0, 1
43.510628960, 0, 0
43.604114760, 1, 0
43.604279030, 1, 1
43.697795345, 0, 1
43.697955695, 0, 0
43.791479135, 1, 0
43.791680375, 1, 1
43.885159720, 0, 1
43.885311415, 0, 0
43.978843510, 1, 0
43.979080000, 1, 1
44.072524095, 0, 1
44.072689045, 0, 0
44.166207885, 1, 0
44.166363435, 1, 1
44.259888470, 0, 1
44.260127840, 0, 0
44.353572260, 1, 0
44.353761310, 1, 1
44.447252845, 0, 1
44.447401030, 0, 0
44.540936635, 1, 0
44.541094495, 1, 1
44.634617220, 0, 1
44.634774295, 0, 0
44.728301010, 1, 0
44.728548340, 1, 1
44.821981595, 0, 1
44.822179380, 0, 0
44.915665385, 1, 0
44.915828640, 1, 1
45.009345975, 0, 1
45.009587955, 0, 0
45.103029760, 1, 0
45.103239920, 1, 1
45.196710345, 0, 1
45.196866390, 0, 0
45.290394135, 1, 0
45.290546810, 1, 1
45.384074725, 0, 1
45.384229175, 0, 0
45.477758510, 1, 0
45.477962545, 1, 1
45.571439100, 0, 1
45.571621070, 0, 0
45.665122890, 1, 0
45.665279520, 1, 1
45.758803475, 0, 1
45.758964225, 0, 0
45.852487265, 1, 0
45.852643015, 1, 1
45.946167850, 0, 1
45.946322635, 0, 0
46.039851640, 1, 0
46.039999810, 1, 1
46.133532225, 0, 1
46.133698060, 0, 0
46.227216015, 1, 0
46.227828925, 1, 1
46.320896600, 0, 1
46.321069350, 0, 0
46.414580390, 1, 0
46.415220680, 1, 1
46.508260975, 0, 1
46.508420950, 0, 0
46.601944765, 1, 0
46.602108710, 1, 1
46.695625350, 0, 1
46.695806135, 0, 0
46.789309140, 1, 0
46.789475115, 1, 1
46.882989730, 0, 1
46.883192775, 0, 0
46.976673515, 1, 0
46.976830860, 1, 1
47.070354105, 0, 1
47.070553365, 0, 0
47.164037895, 1, 0
47.164200215, 1, 1
47.257718480, 0, 1
47.257906715, 0, 0
47.351402270, 1, 0
47.351571610, 1, 1
47.445082860, 0, 1
47.445269100, 0, 0
47.538766645, 1, 0
47.538931120, 1, 1
47.632447235, 0, 1
47.632610670, 0, 0
47.726131025, 1, 0
47.726321225, 1, 1
47.819811610, 0, 1
47.820042950, 0, 0
47.913495400, 1, 0
47.913654725, 1, 1
48.007175990, 0, 1
48.007340070, 0, 0
48.100859775, 1, 0
48.101057475, 1, 1
48.194540365, 0, 1
48.194716545, 0, 0
48.288224150, 1, 0
48.288406495, 1, 1
48.381904740, 0, 1
48.382138800, 0, 0
48.475588530, 1, 0
48.475747810, 1, 1
48.569269115, 0, 1
48.569442025, 0, 0
48.662952905, 1, 0
48.663109150, 1, 1
48.756633495, 0, 1
48.756824905, 0, 0
48.850317280, 1, 0
48.850519095, 1, 1
48.943997870, 0, 1
48.944167050, 0, 0
49.037681660, 1, 0
49.037850705, 1, 1
49.131362245, 0, 1
49.131526540, 0, 0
49.225046035, 1, 0
49.225228630, 1, 1
49.318726620, 0, 1
49.319417960, 0, 0
49.412410410, 1, 0
49.413125150, 1, 1
49.506091000, 0, 1
49.506812285, 0, 0
49.599774785, 1, 0
49.599937160, 1, 1
49.693455375, 0, 1
49.693638040, 0, 0
49.787139165, 1, 0
49.787315500, 1, 1
49.880819755, 0, 1
49.880987385, 0, 0
49.974503545, 1, 0
49.974681635, 1, 1
